<?xml version="1.0" encoding="utf-8"?>
<Metadata Type="SFR Processing" Version='0.2'>
  <Tool>
	  <Name>Name of the tool</Name>
	  <Version>1.0.1</Version>
  </Tool>
  <Processing>
    <ComputerID>KELLY_SFR</ComputerID>
    <Operator>Kelly</Operator> <!--Read from system environments or user override-->
    <GISVersion>ArcGIS Advanced</GISVersion> <!--Optional?-->
    <Runs>
      <Run status='Success'>
        <TimeStart>2015-12-02 15:12:00</TimeStart> <!--Format: Python datetime '%Y-%m-%d %H:%M:%S'-->
        <TimeStop></TimeStop>
        <TotalProcessingTime>100</TotalProcessingTime> <!--Need to specify units?-->
        <Parameters> <!--Very Important: Parameters and Outputs must be explicitly listed when creating the metadata object-->
          <Parameter>
            <Name>DEM</Name>
            <Value>C://Geodatabase.gdb/DEM</Value>
          </Parameter>
          <Parameter>
            <Name>Value to Add</Name>
            <Value>9.0</Value>
          </Parameter>
        </Parameters>
        <Outputs>
          <Output>
            <Name>Output Raster</Name>
            <Value>C://Geodatabase.gdb/LargeDEM</Value>
          </Output>
          <Output>
            <Name></Name>
            <Value></Value>
          </Output>
        </Outputs>
        <Messages>
          <Message Level=''></Message>
          <Message Level=''></Message>
        </Messages>
		<Information>
			<CustomTag1>CustomValue1</CustomTag1>
			<CustomTag2>CustomValue2</CustomTag2>
		</Information>
      </Run>
      <Run status='Error'>
        <TimeStart></TimeStart>
        <TimeStop></TimeStop>
        <TotalProcessingTime></TotalProcessingTime>
        <Parameters>
          <Parameter>
            <Name></Name>
            <Value></Value>
          </Parameter>
          <Parameter>
            <Name></Name>
            <Value></Value>
          </Parameter>
        </Parameters>
        <Outputs>
          <Output>
            <Name></Name>
            <Value></Value>
          </Output>
          <Output>
            <Name></Name>
            <Value></Value>
          </Output>
        </Outputs>
        <Messages>
          <Message Level=''></Message>
          <Message Level=''></Message>
        </Messages>
		<Information>
			<CustomTag1>CustomValue1</CustomTag1>
			<CustomTag2>CustomValue2</CustomTag2>
		</Information>
      </Run>
    </Runs>
    <Summary> 
      <TotalTime></TotalTime>
      <SucessfullRuns>1</SucessfullRuns>
      <FailedRuns>1</FailedRuns>
    </Summary>
  </Processing>
</Metadata>